岩名,GPS経度,GPS緯度,URL,エリア名,コメント,ルート数,初登権,場所,岩画像,池亀ボルダールート,発見した日時,発見者,経度,緯度
尖峰岩,140;10;8.5007,36;23;40.2935,"https://www.google.co.jp/maps?q=36.394526,140.169028",崩落地周辺（仮）,先の尖った岩,3,発見者,,20251231_140614398-min.jpg,"稜線 (https://www.notion.so/2df8446c81038041bf86d428499bece1?pvs=21), 均衡 (https://www.notion.so/2df8446c81038027be3cf3bab5e4efa3?pvs=21), 刃先 (https://www.notion.so/2df8446c8103801d98f9c33d43ad70aa?pvs=21)","October 21, 2025 16:25 (GMT+9)",森　清隆,140.169028,36.394526
002（仮）,140;10;10.7976,36;23;33.5112,"https://www.google.co.jp/maps?q=36.392642,140.169666",ハイキング道周辺,,0,発見者,,002_20251030_125223684-min.jpg,,"October 30, 2025 12:52 (GMT+9)",森　清隆,140.169666,36.392642
テルテル岩,140;10;10.6967,36;23;39.3431,"https://www.google.co.jp/maps?q=36.394262,140.169638",東尾根（仮）,丸いし前日雨降って晴れたから,2,発見者,,015_20251101_094327-min.jpg,"ハレルヤ (https://www.notion.so/2b78446c8103804e9b47cacc4b37ab3d?pvs=21), ボウズ (https://www.notion.so/2b78446c8103804e9ea6f65f7738ae97?pvs=21)","November 1, 2025 9:43 (GMT+9)",森　清隆,140.169638,36.394262
029（仮）,140;10;11.3700,36;23;42.2124,"https://www.google.co.jp/maps?q=36.395059,140.169825",東エリア（仮）,,0,発見者,,029_20251030_131613105-min.jpg,,"October 30, 2025 13:16 (GMT+9)",森　清隆,140.169825,36.395059
003（仮）,140;10;10.7976,36;23;33.5112,"https://www.google.co.jp/maps?q=36.392642,140.169666",ハイキング道周辺,,0,発見者,,003_20251030_125232950-min.jpg,,"October 30, 2025 12:52 (GMT+9)",森　清隆,140.169666,36.392642
012（仮）,140;10;10.5168,36;23;38.1732,"https://www.google.co.jp/maps?q=36.393937,140.169588",東尾根（仮）,,0,発見者,,012_20251101_094116-min.jpg,,"November 1, 2025 9:41 (GMT+9)",森　清隆,140.169588,36.393937
032（仮）,140;10;12.5796,36;23;42.7128,"https://www.google.co.jp/maps?q=36.395198,140.170161",東エリア（仮）,,0,発見者,,032_20251101_095348-min.jpg,,"November 1, 2025 9:53 (GMT+9)",森　清隆,140.170161,36.395198
035（仮）,140;10;13.5011,36;23;42.7207,"https://www.google.co.jp/maps?q=36.3952,140.170417",東エリア（仮）,,0,発見者,,035_20251101_095914-min.jpg,,"November 1, 2025 9:59 (GMT+9)",森　清隆,140.170417,36.3952
007～008（仮）,140;9;39.2328,36;22;52.7375,"https://www.google.co.jp/maps?q=36.381316,140.160898",森エリア（仮）,,0,発見者,,20251030_142513711-min.jpg,,"October 30, 2025 14:25 (GMT+9)",森　清隆,140.160898,36.381316
048（仮）,140;10;5.8440,36;23;46.5828,"https://www.google.co.jp/maps?q=36.396273,140.16829",谷広場上（仮）,,0,発見者,,048_20251030_133609197-min.jpg,,"October 30, 2025 13:36 (GMT+9)",森　清隆,140.16829,36.396273
やすり岩,140;10;8.3099,36;23;36.9635,"https://www.google.co.jp/maps?q=36.393601,140.168975",森エリア（仮）,,2,発見者,,20251231_121152833-min.jpg,"やすり雲 (https://www.notion.so/2e28446c8103809bb376ef5af4285ba6?pvs=21), ザリザリ (https://www.notion.so/2e28446c8103807e8fc2dd94308e9de1?pvs=21)","November 1, 2025 9:35 (GMT+9)",森　清隆,140.168975,36.393601
026（仮）,140;10;12.0323,36;23;41.5715,"https://www.google.co.jp/maps?q=36.394881,140.170009",東エリア（仮）,,0,発見者,,026_20251101_094942-min.jpg,,"November 1, 2025 9:49 (GMT+9)",森　清隆,140.170009,36.394881
011（仮）,140;10;11.2151,36;23;38.0255,"https://www.google.co.jp/maps?q=36.393896,140.169782",東尾根（仮）,,0,発見者,,011_20251030_130446606-min.jpg,,"October 30, 2025 13:04 (GMT+9)",森　清隆,140.169782,36.393896
044（仮）,140;10;2.4132,36;23;45.4776,"https://www.google.co.jp/maps?q=36.395966,140.167337",西エリア（仮）,,0,発見者,,044_20251030_134414876-min.jpg,,"October 30, 2025 13:44 (GMT+9)",森　清隆,140.167337,36.395966
025（仮）,140;10;12.0864,36;23;41.5830,"https://www.google.co.jp/maps?q=36.394884,140.170024",東エリア（仮）,,0,発見者,,025_20251101_095012-min.jpg,,"November 1, 2025 9:50 (GMT+9)",森　清隆,140.170024,36.394884
019（仮）,140;10;5.4408,36;23;40.7580,"https://www.google.co.jp/maps?q=36.394655,140.168178",崩落地周辺（仮）,,0,発見者,,019_20251030_140030875-min.jpg,,"October 30, 2025 14:00 (GMT+9)",森　清隆,140.168178,36.394655
040（仮）,140;10;7.2696,36;23;45.2578,"https://www.google.co.jp/maps?q=36.395905,140.168686",谷広場（仮）,,0,発見者,,040_20251030_132950405-min.jpg,,"October 30, 2025 13:29 (GMT+9)",森　清隆,140.168686,36.395905
030（仮）,140;10;11.3700,36;23;42.2124,"https://www.google.co.jp/maps?q=36.395059,140.169825",東エリア（仮）,,0,発見者,,030_20251030_131706136-min.jpg,,"October 30, 2025 13:17 (GMT+9)",森　清隆,140.169825,36.395059
柚子岩,140;10;8.1803,36;23;36.9168,"https://www.google.co.jp/maps?q=36.393588,140.168939",森エリア（仮）,冬至の日に初めて登ったから,3,フリー,,20251217_122132-min.jpg,"一陽来復 (https://www.notion.so/2d18446c810380929b6df45800df3588?pvs=21), 橙（だいだい） (https://www.notion.so/2df8446c81038023a3cdc13711fdcbb4?pvs=21), 福来みかん (https://www.notion.so/2e28446c8103803ca7e2ffb39a86bf23?pvs=21)","November 1, 2025 9:33 (GMT+9)",森　清隆,140.168939,36.393588
034（仮）,140;10;14.1528,36;23;43.6775,"https://www.google.co.jp/maps?q=36.395466,140.170598",東エリア（仮）,,0,発見者,,034_20251101_100116-min.jpg,,"November 1, 2025 10:01 (GMT+9)",森　清隆,140.170598,36.395466
033（仮）,140;10;8.8428,36;23;43.2131,"https://www.google.co.jp/maps?q=36.395337,140.169123",谷広場（仮）,,0,発見者,,20251217_144621-min.jpg,,"October 30, 2025 13:22 (GMT+9)",森　清隆,140.169123,36.395337
010（仮）,140;10;11.6687,36;23;37.7087,"https://www.google.co.jp/maps?q=36.393808,140.169908",東尾根（仮）,,0,発見者,,010_20251030_130010239-min.jpg,,"October 30, 2025 13:00 (GMT+9)",森　清隆,140.169908,36.393808
038（仮）,140;10;7.5504,36;23;45.2615,"https://www.google.co.jp/maps?q=36.395906,140.168764",谷広場（仮）,,0,発見者,,038_20251030_132825644-min.jpg,,"October 30, 2025 13:28 (GMT+9)",森　清隆,140.168764,36.395906
039（仮）,140;10;7.5504,36;23;45.2615,"https://www.google.co.jp/maps?q=36.395906,140.168764",谷広場（仮）,,0,発見者,,039_20251030_132837155-min.jpg,,"October 30, 2025 13:28 (GMT+9)",森　清隆,140.168764,36.395906
027（仮）,140;10;12.0719,36;23;41.5752,"https://www.google.co.jp/maps?q=36.394882,140.17002",東エリア（仮）,,0,発見者,,027_20251101_094959-min.jpg,,"November 1, 2025 9:50 (GMT+9)",森　清隆,140.17002,36.394882
彷徨い岩,140;10;8.0615,36;23;39.6887,"https://www.google.co.jp/maps?q=36.394358,140.168906",崩落地周辺（仮）,S氏が1時間もどっか行っちゃった,0,発見者,,016_20251030_131218362-min.jpg,,"October 30, 2025 13:12 (GMT+9)",森　清隆,140.168906,36.394358
004（仮）,140;10;7.6044,36;23;36.0170,"https://www.google.co.jp/maps?q=36.393338,140.168779",森エリア（仮）,,0,発見者,,004_20251101_093232-min.jpg,,"November 1, 2025 9:32 (GMT+9)",森　清隆,140.168779,36.393338
028（仮）,140;10;12.0251,36;23;41.8235,"https://www.google.co.jp/maps?q=36.394951,140.170007",東エリア（仮）,,0,発見者,,028_20251101_095041-min.jpg,,"November 1, 2025 9:50 (GMT+9)",森　清隆,140.170007,36.394951
014（仮）,140;10;10.1532,36;23;38.3819,"https://www.google.co.jp/maps?q=36.393995,140.169487",東尾根（仮）,,0,発見者,,014_20251101_094032-min.jpg,,"November 1, 2025 9:40 (GMT+9)",森　清隆,140.169487,36.393995
031（仮）,140;10;10.7976,36;23;42.4751,"https://www.google.co.jp/maps?q=36.395132,140.169666",東エリア（仮）,,0,発見者,,031_20251030_131823619-min.jpg,,"October 30, 2025 13:18 (GMT+9)",森　清隆,140.169666,36.395132
045（仮）,140;10;2.2908,36;23;45.8267,"https://www.google.co.jp/maps?q=36.396063,140.167303",西エリア（仮）,,0,発見者,,045_20251101_114450-min.jpg,,"November 1, 2025 11:44 (GMT+9)",森　清隆,140.167303,36.396063
054（仮）,140;10;5.2140,36;23;50.5752,"https://www.google.co.jp/maps?q=36.397382,140.168115",北西エリア（仮）,,0,発見者,,054_20251101_105806-min.jpg,,"November 1, 2025 10:58 (GMT+9)",森　清隆,140.168115,36.397382
046（仮）,140;10;2.0820,36;23;46.1364,"https://www.google.co.jp/maps?q=36.396149,140.167245",西エリア（仮）,,0,発見者,,046_20251101_114200-min.jpg,,"November 1, 2025 11:42 (GMT+9)",森　清隆,140.167245,36.396149
013（仮）,140;10;04.800,36;23;38.3928,"https://www.google.co.jp/maps?q=36.393998,140.168",東尾根（仮）,,0,発見者,,013_20251030_130756096-min.jpg,,"October 30, 2025 13:07 (GMT+9)",森　清隆,140.168,36.393998
041（仮）,140;10;3.1187,36;23;43.9331,"https://www.google.co.jp/maps?q=36.395537,140.167533",西エリア（仮）,,0,発見者,,041_20251101_115358-min.jpg,,"November 1, 2025 11:54 (GMT+9)",森　清隆,140.167533,36.395537
021（仮）,140;10;6.7223,36;23;41.6184,"https://www.google.co.jp/maps?q=36.394894,140.168534",崩落地周辺（仮）,,0,発見者,,021_20251101_123121-min.jpg,,"November 1, 2025 12:31 (GMT+9)",森　清隆,140.168534,36.394894
048周辺（仮）,140;8;39.0408,36;21;39.3912,"https://www.google.co.jp/maps?q=36.360942,140.144178",谷広場上（仮）,,0,発見者,,20251030_133831155-min.jpg,,"October 30, 2025 13:38 (GMT+9)",森　清隆,140.144178,36.360942
020（仮）,140;10;6.7476,36;23;41.5823,"https://www.google.co.jp/maps?q=36.394884,140.168541",崩落地周辺（仮）,,0,発見者,,020_20251101_123309-min.jpg,,"November 1, 2025 12:33 (GMT+9)",森　清隆,140.168541,36.394884
049（仮）,140;10;2.3772,36;23;47.5459,"https://www.google.co.jp/maps?q=36.396541,140.167327",西エリア（仮）,,0,発見者,,049_20251101_113746-min.jpg,,"November 1, 2025 11:37 (GMT+9)",森　清隆,140.167327,36.396541
せせらぎ右岩,140;10;6.3408,36;23;37.2012,"https://www.google.co.jp/maps?q=36.393667,140.168428",森エリア（仮）,水の音が聞こえる,1,発見者,,007_20251030_140846305-min.jpg,青龍 (https://www.notion.so/2b78446c8103800a8c0cdde703adf22d?pvs=21),"October 30, 2025 14:08 (GMT+9)",森　清隆,140.168428,36.393667
043（仮）,140;10;2.4564,36;23;44.7864,"https://www.google.co.jp/maps?q=36.395774,140.167349",西エリア（仮）,,0,発見者,,043_20251101_114833-min.jpg,,"November 1, 2025 11:48 (GMT+9)",森　清隆,140.167349,36.395774
せせらぎ左岩,140;10;6.2148,36;23;37.3020,"https://www.google.co.jp/maps?q=36.393695,140.168393",森エリア（仮）,せせらぎ岩の右側,1,発見者,,20251126_130633448-min.jpg,白虎 (https://www.notion.so/2b78446c810380d4ba2ae3facd1c261d?pvs=21),"October 30, 2025 14:08 (GMT+9)",森　清隆,140.168393,36.393695
023（仮）,140;10;6.7295,36;23;41.7119,"https://www.google.co.jp/maps?q=36.39492,140.168536",崩落地周辺（仮）,,0,発見者,,023_20251101_123028-min.jpg,,"November 1, 2025 12:30 (GMT+9)",森　清隆,140.168536,36.39492
050（仮）,140;10;2.5120,36;23;47.5440,"https://www.google.co.jp/maps?q=36.39654,140.167364",西エリア（仮）,,0,発見者,,050_20251101_113618-min.jpg,,"November 1, 2025 11:36 (GMT+9)",森　清隆,140.167364,36.39654
044周辺2（仮）,140;8;39.0408,36;21;39.3912,"https://www.google.co.jp/maps?q=36.360942,140.144178",西エリア（仮）,,0,発見者,,20251030_134838484-min.jpg,,"October 30, 2025 13:48 (GMT+9)",森　清隆,140.144178,36.360942
044周辺1（仮）,140;8;39.0408,36;21;39.3912,"https://www.google.co.jp/maps?q=36.360942,140.144178",西エリア（仮）,,0,発見者,,20251030_134231505-min.jpg,,"October 30, 2025 13:42 (GMT+9)",森　清隆,140.144178,36.360942
017（仮）,140;10;6.9635,36;23;40.9596,"https://www.google.co.jp/maps?q=36.394711,140.168601",崩落地周辺（仮）,,0,発見者,,017_20251101_122929-min.jpg,,"November 1, 2025 12:29 (GMT+9)",森　清隆,140.168601,36.394711
018（仮）,140;10;6.9564,36;23;40.9811,"https://www.google.co.jp/maps?q=36.394717,140.168599",崩落地周辺（仮）,,0,発見者,,018_20251101_122950-min.jpg,,"November 1, 2025 12:30 (GMT+9)",森　清隆,140.168599,36.394717
047（仮）,140;10;1.6032,36;23;46.7340,"https://www.google.co.jp/maps?q=36.396315,140.167112",西エリア（仮）,,0,発見者,,047_20251101_113919-min.jpg,,"November 1, 2025 11:39 (GMT+9)",森　清隆,140.167112,36.396315
051（仮）,140;10;2.6040,36;23;49.4627,"https://www.google.co.jp/maps?q=36.397073,140.16739",北西エリア（仮）,,0,発見者,,051_20251101_113048-min.jpg,,"November 1, 2025 11:30 (GMT+9)",森　清隆,140.16739,36.397073
024（仮）,140;10;6.5028,36;23;41.8596,"https://www.google.co.jp/maps?q=36.394961,140.168473",崩落地周辺（仮）,,0,発見者,,024_20251101_123035-min.jpg,,"November 1, 2025 12:30 (GMT+9)",森　清隆,140.168473,36.394961
036（仮）,140;10;13.6523,36;23;45.6576,"https://www.google.co.jp/maps?q=36.396016,140.170459",東エリア（仮）,,0,発見者,,036_20251101_100801-min.jpg,,"November 1, 2025 10:08 (GMT+9)",森　清隆,140.170459,36.396016
矢穴岩,140;10;8.3280,36;23;43.4867,"https://www.google.co.jp/maps?q=36.395413,140.16898",谷広場（仮）,採石のための矢穴がある岩,1,発見者,,20251217_143535-min.jpg,ピンチでピンチ (https://www.notion.so/2ef8446c810380a7bf26d35c69408b3a?pvs=21),"October 30, 2025 13:24 (GMT+9)",森　清隆,140.16898,36.395413
052（仮）,140;10;4.3536,36;23;49.4376,"https://www.google.co.jp/maps?q=36.397066,140.167876",北西エリア（仮）,,0,発見者,,052_20251101_112654-min.jpg,,"November 1, 2025 11:26 (GMT+9)",森　清隆,140.167876,36.397066
042（仮）,140;10;2.1576,36;23;44.6460,"https://www.google.co.jp/maps?q=36.395735,140.167266",西エリア（仮）,,0,発見者,,042_20251101_115054-min.jpg,,"November 1, 2025 11:51 (GMT+9)",森　清隆,140.167266,36.395735
037（仮）,140;10;11.0603,36;23;46.4135,"https://www.google.co.jp/maps?q=36.396226,140.169739",東エリア（仮）,,0,発見者,,037_20251101_104016-min.jpg,,"November 1, 2025 10:40 (GMT+9)",森　清隆,140.169739,36.396226
022（仮）,140;10;6.7223,36;23;41.6219,"https://www.google.co.jp/maps?q=36.394895,140.168534",崩落地周辺（仮）,,0,発見者,,022_20251101_123114-min.jpg,,"November 1, 2025 12:31 (GMT+9)",森　清隆,140.168534,36.394895
055（仮）,140;10;15.0456,36;23;51.6911,"https://www.google.co.jp/maps?q=36.397692,140.170846",その他,,0,発見者,,055_20251101_102514-min.jpg,,"November 1, 2025 10:25 (GMT+9)",森　清隆,140.170846,36.397692
056（仮）,140;10;2.4616,36;23;51.9792,"https://www.google.co.jp/maps?q=36.397772,140.16735",その他,,0,発見者,,056_20251101_102152-min.jpg,,"November 1, 2025 10:21 (GMT+9)",森　清隆,140.16735,36.397772
008（仮）,140;10;3.6371,36;23;37.3308,"https://www.google.co.jp/maps?q=36.393703,140.167677",西急登（仮）,,0,発見者,,008_20251030_143715413-min.jpg,,"October 30, 2025 14:37 (GMT+9)",森　清隆,140.167677,36.393703
013周辺（仮）,140;9;45.0216,36;22;50.9304,"https://www.google.co.jp/maps?q=36.380814,140.162506",東尾根（仮）,,0,発見者,,20251030_130611765-min.jpg,,"October 30, 2025 13:04 (GMT+9)",森　清隆,140.162506,36.380814
053（仮）,140;10;4.1916,36;23;49.8803,"https://www.google.co.jp/maps?q=36.397189,140.167831",北西エリア（仮）,,0,発見者,,053_20251101_110010-min.jpg,,"November 1, 2025 11:00 (GMT+9)",森　清隆,140.167831,36.397189
イノシシ岩,140;10;5.4299,36;23;37.9572,"https://www.google.co.jp/maps?q=36.393877,140.168175",森エリア（仮）,開拓中にイノシシに遭遇,1,発見者,,20251217_130443-min.jpg,牡丹 (https://www.notion.so/2d18446c810380e78431d5aa7c1ba9ab?pvs=21),"October 30, 2025 12:43 (GMT+9)",森　清隆,140.168175,36.393877
甲羅岩,140;10;7.1615,36;23;37.6332,"https://www.google.co.jp/maps?q=36.393787,140.168656",森エリア（仮）,池亀ボルダーで最初に登った岩,3,発見者,,20251119_161119445-min.jpg,"亀の甲 (https://www.notion.so/2b18446c81038029a678ee755f59c317?pvs=21), 年の功 (https://www.notion.so/2b18446c810380a7bf58c5a6b94aefa9?pvs=21), ノコノコ (https://www.notion.so/2b18446c810380b38fe0de805d0ba3af?pvs=21)","November 19, 2025 14:01 (GMT+9)",森　清隆,140.168656,36.393787
頭岩,140;10;7.4099,36;23;37.7807,"https://www.google.co.jp/maps?q=36.393828,140.168725",森エリア（仮）,甲羅岩と合わせて亀っぽい,1,フリー,,20251119_155209677-min.jpg,タートルヘッド (https://www.notion.so/2b18446c810380f39708e6bd482b1bd2?pvs=21),"November 19, 2025 14:01 (GMT+9)",森　清隆,140.168725,36.393828
せせらぎ下岩,140;10;6.2112,36;23;36.9023,"https://www.google.co.jp/maps?q=36.393584,140.168392",森エリア（仮）,せせらぎ岩の下側,1,フリー,,20251126_133001045-min.jpg,朱雀 (https://www.notion.so/2b78446c810380a79ea3eabfdc798582?pvs=21),"October 30, 2025 14:08 (GMT+9)",森　清隆,140.168392,36.393584
058（仮）,140;10;2.8956,36;23;42.8928,"https://www.google.co.jp/maps?q=36.395248,140.167471",西エリア（仮）,,0,発見者,,20251215_160257784-min.jpg,,"December 15, 2025 16:02 (GMT+9)",森　清隆,140.167471,36.395248
033周辺2（仮）,140;10;8.3280,36;23;43.4867,"https://www.google.co.jp/maps?q=36.395413,140.16898",谷広場（仮）,,0,発見者,,20251217_144532-min.jpg,,"October 30, 2025 13:24 (GMT+9)",森　清隆,140.16898,36.395413
059（仮）,140;10;7.1076,36;23;42.1871,"https://www.google.co.jp/maps?q=36.395052,140.168641",崩落地周辺（仮）,,0,発見者,,20251217_141344-min.jpg,,"December 17, 2025 14:13 (GMT+9)",森　清隆,140.168641,36.395052
妥当岩,140;10;8.3280,36;23;43.4867,"https://www.google.co.jp/maps?q=36.395413,140.16898",谷広場（仮）,立ちスタートが妥協なら妥当かな,1,発見者,,20251217_145242-min.jpg,妥協 (https://www.notion.so/2ef8446c810380d5a21ac7e262642aee?pvs=21),"October 30, 2025 13:24 (GMT+9)",森　清隆,140.16898,36.395413
060（仮）,140;10;6.4810,36;23;47.6980,"https://www.google.co.jp/maps?q=36.396583,140.168467",谷広場上（仮）,,0,発見者,,20251226_151952-min.jpg,,"December 26, 2025 15:19 (GMT+9)",森　清隆,140.168467,36.396583
061（仮）,140;10;6.1320,36;23;49.2680,"https://www.google.co.jp/maps?q=36.397019,140.16837",北西エリア（仮）,,0,発見者,,20251226_152452-min.jpg,,"December 26, 2025 15:24 (GMT+9)",森　清隆,140.16837,36.397019
062（仮）,140;10;6.1320,36;23;49.2680,"https://www.google.co.jp/maps?q=36.397019,140.16837",谷広場上（仮）,,0,発見者,,20251226_152511-min.jpg,,"December 26, 2025 15:25 (GMT+9)",森　清隆,140.16837,36.397019
063（仮）,140;10;8.5470,36;23;48.3210,"https://www.google.co.jp/maps?q=36.396756,140.169041",谷広場上（仮）,,0,発見者,,20251226_153623-min.jpg,,"December 26, 2025 15:36 (GMT+9)",森　清隆,140.169041,36.396756
064（仮）,140;10;8.2550,36;23;47.8240,"https://www.google.co.jp/maps?q=36.396618,140.16896",谷広場上（仮）,,0,発見者,,20251226_153758-min.jpg,,"December 26, 2025 15:37 (GMT+9)",森　清隆,140.16896,36.396618
065（仮）,140;10;9.3390,36;23;45.8010,"https://www.google.co.jp/maps?q=36.396056,140.169261",谷広場（仮）,,0,発見者,,20251226_154110-min.jpg,,"December 26, 2025 15:41 (GMT+9)",森　清隆,140.169261,36.396056
066（仮）,140;10;9.5300,36;23;45.4590,"https://www.google.co.jp/maps?q=36.395961,140.169314",谷広場（仮）,,0,発見者,,20251226_154234-min.jpg,,"December 26, 2025 15:42 (GMT+9)",森　清隆,140.169314,36.395961
067（仮),140;10;5.7467,36;23;44.0772,"https://www.google.co.jp/maps?q=36.395577,140.168263",谷広場（仮）,,0,発見者,,20251229_113826641.jpg,,"December 29, 2025 11:38 (GMT+9)",森　清隆,140.168263,36.395577
068（仮),140;10;4.0799,36;23;47.0652,"https://www.google.co.jp/maps?q=36.396407,140.1678",西エリア（仮）,,0,発見者,,20251229_114515322.jpg,,"December 29, 2025 11:45 (GMT+9)",森　清隆,140.1678,36.396407
069（仮),140;10;5.6496,36;23;52.2419,"https://www.google.co.jp/maps?q=36.397845,140.168236",北西エリア（仮）,,0,発見者,,20251229_122653484.jpg,,"December 29, 2025 12:27 (GMT+9)",森　清隆,140.168236,36.397845
070（仮),140;10;10.6535,36;23;52.1375,"https://www.google.co.jp/maps?q=36.397816,140.169626",その他,,0,発見者,,20251229_123747261.jpg,,"December 29, 2025 12:37 (GMT+9)",森　清隆,140.169626,36.397816
071（仮),140;10;7.0787,36;23;44.2031,"https://www.google.co.jp/maps?q=36.395612,140.168633",谷広場（仮）,,0,発見者,,20251229_130228096-min.jpg,,"December 29, 2025 13:02 (GMT+9)",森　清隆,140.168633,36.395612
072（仮),140;10;2.0567,36;23;42.0899,"https://www.google.co.jp/maps?q=36.395025,140.167238",西エリア（仮）,,0,発見者,,20251229_131254200-min.jpg,,"December 29, 2025 13:12 (GMT+9)",森　清隆,140.167238,36.395025
073（仮),140;10;1.2792,36;23;40.0884,"https://www.google.co.jp/maps?q=36.394469,140.167022",西急登（仮）,,0,発見者,,20251229_131736449-min.jpg,,"December 29, 2025 13:17 (GMT+9)",森　清隆,140.167022,36.394469
074（仮),140;10;0.7968,36;23;39.4655,"https://www.google.co.jp/maps?q=36.394296,140.166888",西急登（仮）,,0,発見者,,20251229_131841937-min.jpg,,"December 29, 2025 13:18 (GMT+9)",森　清隆,140.166888,36.394296
075（仮),140;9;57.8340,36;23;40.0235,"https://www.google.co.jp/maps?q=36.394451,140.166065",西急登（仮）,,0,発見者,,20251229_132251912-min.jpg,,"December 29, 2025 13:22 (GMT+9)",森　清隆,140.166065,36.394451
076（仮),140;10;14.3471,36;23;39.6275,"https://www.google.co.jp/maps?q=36.394341,140.170652",石垣エリア,,0,発見者,,20251229_140358696-min.jpg,,"December 29, 2025 14:03 (GMT+9)",森　清隆,140.170652,36.394341
077（仮),140;10;14.3471,36;23;39.6275,"https://www.google.co.jp/maps?q=36.394341,140.170652",石垣エリア,,0,発見者,,20251229_140404878-min.jpg,,"December 29, 2025 14:04 (GMT+9)",森　清隆,140.170652,36.394341
078（仮),140;10;14.2320,36;23;39.6996,"https://www.google.co.jp/maps?q=36.394361,140.17062",石垣エリア,,0,発見者,,20251229_140440532-min.jpg,,"December 29, 2025 14:04 (GMT+9)",森　清隆,140.17062,36.394361
079（仮),140;10;13.4760,36;23;41.0712,"https://www.google.co.jp/maps?q=36.394742,140.17041",東エリア（仮）,,0,発見者,,20251229_140702007-min.jpg,,"December 29, 2025 14:07 (GMT+9)",森　清隆,140.17041,36.394742
080（仮),140;10;12.8316,36;23;41.5211,"https://www.google.co.jp/maps?q=36.394867,140.170231",東エリア（仮）,,0,発見者,,20251229_140820788-min.jpg,,"December 29, 2025 14:08 (GMT+9)",森　清隆,140.170231,36.394867
081（仮),140;10;13.2815,36;23;41.9712,"https://www.google.co.jp/maps?q=36.394992,140.170356",東エリア（仮）,,0,発見者,,20251229_141139770-min.jpg,,"December 29, 2025 14:11 (GMT+9)",森　清隆,140.170356,36.394992
082（仮),140;10;14.8404,36;23;42.4860,"https://www.google.co.jp/maps?q=36.395135,140.170789",石垣エリア,,0,発見者,,20251229_141601743-min.jpg,,"December 29, 2025 14:16 (GMT+9)",森　清隆,140.170789,36.395135
083（仮),140;10;15.5279,36;23;43.0260,"https://www.google.co.jp/maps?q=36.395285,140.17098",石垣エリア,,0,発見者,,20251229_142045575-min.jpg,,"December 29, 2025 14:20 (GMT+9)",森　清隆,140.17098,36.395285
084（仮),140;10;15.4488,36;23;42.7487,"https://www.google.co.jp/maps?q=36.395208,140.170958",石垣エリア,,0,発見者,,20251229_142151132-min.jpg,,"December 29, 2025 14:21 (GMT+9)",森　清隆,140.170958,36.395208
085（仮),140;10;16.3343,36;23;41.4383,"https://www.google.co.jp/maps?q=36.394844,140.171204",石垣エリア,,0,発見者,,20251229_142418465-min.jpg,,"December 29, 2025 14:24 (GMT+9)",森　清隆,140.171204,36.394844
086（仮),140;10;16.1544,36;23;41.2836,"https://www.google.co.jp/maps?q=36.394801,140.171154",石垣エリア,,0,発見者,,20251229_142557808-min.jpg,,"December 29, 2025 14:25 (GMT+9)",森　清隆,140.171154,36.394801
087（仮),140;10;16.1544,36;23;41.2836,"https://www.google.co.jp/maps?q=36.394801,140.171154",石垣エリア,,0,発見者,,20251229_142611618-min.jpg,,"December 29, 2025 14:26 (GMT+9)",森　清隆,140.171154,36.394801
088（仮),140;10;15.0132,36;23;40.9919,"https://www.google.co.jp/maps?q=36.39472,140.170837",石垣エリア,,0,発見者,,20251229_142904461-min.jpg,,"December 29, 2025 14:29 (GMT+9)",森　清隆,140.170837,36.39472
089（仮),140;10;14.8367,36;23;40.2827,"https://www.google.co.jp/maps?q=36.394523,140.170788",石垣エリア,,0,発見者,,20251229_143040389-min.jpg,,"December 29, 2025 14:30 (GMT+9)",森　清隆,140.170788,36.394523
090（仮),140;10;15.0924,36;23;39.6059,"https://www.google.co.jp/maps?q=36.394335,140.170859",石垣エリア,,0,発見者,,20251229_143151874-min.jpg,,"December 29, 2025 14:31 (GMT+9)",森　清隆,140.170859,36.394335
091（仮),140;10;15.5712,36;23;38.6051,"https://www.google.co.jp/maps?q=36.394057,140.170992",石垣エリア,,0,発見者,,20251229_143309211-min.jpg,,"December 29, 2025 14:33 (GMT+9)",森　清隆,140.170992,36.394057
092（仮),140;10;12.7092,36;23;36.6863,"https://www.google.co.jp/maps?q=36.393524,140.170197",東尾根（仮）,,0,発見者,,20251229_144102387-min.jpg,,"December 29, 2025 14:41 (GMT+9)",森　清隆,140.170197,36.393524
093（仮),140;10;11.1144,36;23;34.7243,"https://www.google.co.jp/maps?q=36.392979,140.169754",ハイキング道周辺,,0,発見者,,20251229_144412198-min.jpg,,"December 29, 2025 14:44 (GMT+9)",森　清隆,140.169754,36.392979
094（仮),140;10;11.0207,36;23;34.6344,"https://www.google.co.jp/maps?q=36.392954,140.169728",ハイキング道周辺,,0,発見者,,20251229_144507402-min.jpg,,"December 29, 2025 14:45 (GMT+9)",森　清隆,140.169728,36.392954
095（仮）,140;10;7.4495,36;23;39.9876,"https://www.google.co.jp/maps?q=36.394441,140.168736",崩落地周辺（仮）,,0,発見者,,20251231_130942367-min.jpg,,"December 31, 2025 13:09 (GMT+9)",森　清隆,140.168736,36.394441
096（仮）,140;10;7.4495,36;23;39.9876,"https://www.google.co.jp/maps?q=36.394441,140.168736",崩落地周辺（仮）,,0,発見者,,20251231_130948110-min.jpg,,"December 31, 2025 13:09 (GMT+9)",森　清隆,140.168736,36.394441
097,140;10;9.3971,36;23;34.9835,"https://www.google.co.jp/maps?q=36.393051,140.169277",森エリア（仮）,,0,発見者,,20260109_145945667.jpg,,"January 9, 2026 14:59 (GMT+9)",森　清隆,140.169277,36.393051
098（仮）,140;10;14.2607,36;23;35.7071,"https://www.google.co.jp/maps?q=36.393252,140.170628",ハイキング道周辺,,0,発見者,,20260109_150747107.jpg,,"January 9, 2026 15:07 (GMT+9)",森　清隆,140.170628,36.393252
099（仮）,140;10;14.8259,36;23;36.5604,"https://www.google.co.jp/maps?q=36.393489,140.170785",ハイキング道周辺,,0,発見者,,20260109_151054327.jpg,,"January 9, 2026 15:10 (GMT+9)",森　清隆,140.170785,36.393489
100（仮）,140;10;17.5260,36;23;37.2984,"https://www.google.co.jp/maps?q=36.393694,140.171535",ハイキング道周辺上,,0,発見者,,20260109_151508911.jpg,,"January 9, 2026 15:15 (GMT+9)",森　清隆,140.171535,36.393694
101（仮）,140;10;18.3684,36;23;38.2379,"https://www.google.co.jp/maps?q=36.393955,140.171769",ハイキング道周辺上,,0,発見者,,20260109_151705075.jpg,,"January 9, 2026 15:17 (GMT+9)",森　清隆,140.171769,36.393955
102（仮）,140;10;20.0243,36;23;39.6347,"https://www.google.co.jp/maps?q=36.394343,140.172229",ハイキング道周辺上,,0,発見者,,20260109_151954261.jpg,,"January 9, 2026 15:19 (GMT+9)",森　清隆,140.172229,36.394343
103（仮）,140;10;20.3700,36;23;40.3367,"https://www.google.co.jp/maps?q=36.394538,140.172325",ハイキング道周辺上,,0,発見者,,20260109_152212317.jpg,,"January 9, 2026 15:22 (GMT+9)",森　清隆,140.172325,36.394538
104（仮）,140;10;20.5284,36;23;40.4879,"https://www.google.co.jp/maps?q=36.39458,140.172369",ハイキング道周辺上,,0,発見者,,20260109_152301519.jpg,,"January 9, 2026 15:23 (GMT+9)",森　清隆,140.172369,36.39458
105（仮）,140;10;20.4852,36;23;41.1432,"https://www.google.co.jp/maps?q=36.394762,140.172357",ハイキング道周辺上,,0,発見者,,20260109_152355923.jpg,,"January 9, 2026 15:23 (GMT+9)",森　清隆,140.172357,36.394762
106（仮）,140;10;18.9336,36;23;42.8495,"https://www.google.co.jp/maps?q=36.395236,140.171926",ハイキング道周辺上,,0,発見者,,20260109_153147611.jpg,,"January 9, 2026 15:31 (GMT+9)",森　清隆,140.171926,36.395236
107（仮）,140;10;13.5407,36;23;39.3215,"https://www.google.co.jp/maps?q=36.394256,140.170428",東エリア（仮）,,0,発見者,,20260109_154530547.jpg,,"January 9, 2026 15:45 (GMT+9)",森　清隆,140.170428,36.394256
108（仮）,140;10;9.1776,36;23;37.3559,"https://www.google.co.jp/maps?q=36.39371,140.169216",森エリア（仮）,,0,発見者,,20260110_134929800.jpg,,"January 10, 2026 13:49 (GMT+9)",森　清隆,140.169216,36.39371
109（仮）,140;10;9.8471,36;23;39.5771,"https://www.google.co.jp/maps?q=36.394327,140.169402",東尾根（仮）,,0,発見者,,20260110_140910312.jpg,,"January 10, 2026 14:09 (GMT+9)",森　清隆,140.169402,36.394327
110（仮）,140;10;9.5663,36;23;39.5592,"https://www.google.co.jp/maps?q=36.394322,140.169324",東尾根（仮）,,0,発見者,,20260110_141044789.jpg,,"January 10, 2026 14:10 (GMT+9)",森　清隆,140.169324,36.394322
111（仮）,140;10;11.9820,36;23;31.0416,"https://www.google.co.jp/maps?q=36.391956,140.169995",ハイキング道周辺,,0,発見者,,20260116_135357700_mini.jpg,,"January 16, 2026 13:53 (GMT+9)",森　清隆,140.169995,36.391956